title,author,isbn
Ruby on Rails Guides,Ruby Community,470258225
Instant Mongodb,Amol Nayak,1299783791
MongoDB in Action,Kyle Banker,1935182870
MongoDB: The Definitive Guide,Kristina Chodorow,1449381561
AngularJS (Programming),Paula Drew,
AngularJS,Philipp Tarasiewicz,1771970014
Pro AngularJS,Adam Freeman,
AngularJS,Brad Green,1449344852
Hands-on Node.js: The Node.js introduction and API reference ,Pedro Teixeira,
Node.js in Action,Mike Cantelon,1617290572
nodejs de tsukuru web server (Japanese Edition),Yohsuke Nakano,
Nodejs Programming by Example,Agus Kurniawan,
Full Stack JavaScript Development with Mean,Colin J Ihrig,992461251
"Write Modern Web Apps with the MEAN Stack: Mongo, Express, AngularJS, and Node.js (Develop and Design)",Jeff Dickey,
